{
    "dtlb_loads": [
        5519469800,
        8153265131,
        8072495205,
        4112510645,
        4629290323,
        4198813902,
        7697359553,
        6769428246
    ],
    "dtlb_miss_rate": [
        2.94,
        2.38,
        3.19,
        2.42,
        2.56,
        2.33,
        1.97,
        2.21
    ],
    "page_faults": [
        679661,
        594421,
        677952,
        472462,
        498482,
        483084,
        700269,
        630693
    ],
    "mmap_calls": [
        23,
        23,
        30,
        34,
        41,
        41,
        46,
        46
    ],
    "brk_calls": [
        23,
        23,
        1,
        1,
        2,
        2,
        9,
        9
    ],
    "munmap_calls": [
        4,
        4,
        3,
        3,
        5,
        5,
        4,
        4
    ],
    "total_calls": [
        50,
        50,
        34,
        38,
        48,
        48,
        59,
        59
    ],
    "mean_time": [
        170.7443003699974,
        169.96283370720008,
        168.89974721326678,
        168.63926928919997,
        169.05063074223332,
        168.97904625499953,
        169.42913395716667,
        169.87083630783343
    ],
    "experiment": [
        "baseline",
        "thp",
        "mimalloc",
        "mimalloc-thp",
        "jemalloc",
        "jemalloc-thp",
        "tcmalloc",
        "tcmalloc-thp"
    ]
}