{
    "explained_variance_ratio": [
        0.38715459212864206,
        0.3270451848217011,
        0.16632800158310232,
        0.0759635539302134,
        0.03891737786246465,
        0.004591289673876424,
        1.6334675597310236e-33
    ],
    "cumulative_variance_ratio": [
        0.38715459212864206,
        0.7141997769503432,
        0.8805277785334455,
        0.9564913324636589,
        0.9954087103261235,
        1.0,
        1.0
    ],
    "n_components": 7,
    "metrics": [
        "dtlb_loads",
        "dtlb_miss_rate",
        "page_faults",
        "mmap_calls",
        "brk_calls",
        "munmap_calls",
        "total_calls"
    ],
    "loadings": {
        "PC1": {
            "dtlb_loads": -0.355501124510698,
            "dtlb_miss_rate": -0.42873390233717235,
            "page_faults": -0.3690706123027911,
            "mmap_calls": 0.4894888821095642,
            "brk_calls": -0.28262069170758475,
            "munmap_calls": 0.40890296716022984,
            "total_calls": 0.2586843964181569
        },
        "PC2": {
            "dtlb_loads": 0.39705099940071503,
            "dtlb_miss_rate": -0.3374772762424423,
            "page_faults": 0.4256243487934743,
            "mmap_calls": 0.12196710673340455,
            "brk_calls": 0.41348269178276353,
            "munmap_calls": 0.14639958843062403,
            "total_calls": 0.5831181309027462
        },
        "PC3": {
            "dtlb_loads": -0.3555380103200247,
            "dtlb_miss_rate": 0.12031729206412811,
            "page_faults": -0.27345146012809535,
            "mmap_calls": -0.49150366641650634,
            "brk_calls": 0.5529532406111234,
            "munmap_calls": 0.47591183935908193,
            "total_calls": 0.10254536633359392
        },
        "PC4": {
            "dtlb_loads": 0.05505337145173334,
            "dtlb_miss_rate": 0.6248935276162038,
            "page_faults": 0.3759082495904595,
            "mmap_calls": 0.21684117227217672,
            "brk_calls": -0.24225928725210236,
            "munmap_calls": 0.5989935501736161,
            "total_calls": 0.025831452207539962
        },
        "PC5": {
            "dtlb_loads": 0.7325698473486633,
            "dtlb_miss_rate": -0.1715023457771191,
            "page_faults": -0.40252929243844365,
            "mmap_calls": -0.16918025655198463,
            "brk_calls": -0.12305361717056856,
            "munmap_calls": 0.38770796648710215,
            "total_calls": -0.27895683123771603
        },
        "PC6": {
            "dtlb_loads": -0.22332201551023675,
            "dtlb_miss_rate": -0.5176051610768572,
            "page_faults": 0.5518317247324848,
            "mmap_calls": -0.2813738168635076,
            "brk_calls": -0.15866221358300764,
            "munmap_calls": 0.2711674883705337,
            "total_calls": -0.4470091638984995
        },
        "PC7": {
            "dtlb_loads": -0.0,
            "dtlb_miss_rate": -4.2058088125447167e-16,
            "page_faults": 4.89693484533815e-18,
            "mmap_calls": 0.5908769136204572,
            "brk_calls": 0.5868516583726643,
            "munmap_calls": 0.0472323822860906,
            "total_calls": -0.5515783770954016
        }
    },
    "scores": {
        "experiments": [
            "baseline",
            "thp",
            "mimalloc",
            "mimalloc-thp",
            "jemalloc",
            "jemalloc-thp",
            "tcmalloc",
            "tcmalloc-thp"
        ],
        "values": {
            "PC1": [
                -1.8337337341401996,
                -1.4045143885400695,
                -2.65985759325777,
                0.3009752880359864,
                1.742190938302909,
                2.1676299270954185,
                0.7372757484445733,
                0.9500338140591521
            ],
            "PC2": [
                0.48590774893842353,
                1.23324706473038,
                -1.4034787017305292,
                -2.3121668873303247,
                -0.9256769010360436,
                -0.8940459102491555,
                2.2977980951903483,
                1.5184154914869041
            ],
            "PC3": [
                1.6239405507904152,
                1.1276538132834724,
                -1.4927357048753955,
                -0.41850868387786555,
                0.5783889652272595,
                0.6448423486144405,
                -1.2794126673242947,
                -0.7841686218380306
            ],
            "PC4": [
                0.4007672890086163,
                -0.8194955259508874,
                0.7846650348520144,
                -1.4126968231632728,
                0.8215861349145054,
                0.3521566344034047,
                -0.10398687252942218,
                -0.022995871534956445
            ],
            "PC5": [
                -0.9020788799790928,
                0.9308943865930226,
                0.30597514761745576,
                -0.40082794722474296,
                0.2599248745777773,
                0.24269950937258938,
                -0.1110309585755193,
                -0.3255561323814896
            ],
            "PC6": [
                0.057219554230488995,
                -0.04773137640448642,
                0.002401105769879419,
                0.007341371542923625,
                -0.1136443793705616,
                0.1726866776247071,
                0.28156676448158047,
                -0.3598397178745311
            ],
            "PC7": [
                3.384987906266396e-17,
                3.1721593980382504e-17,
                6.862978846335964e-17,
                -2.8244227485882447e-18,
                -1.492734360326179e-16,
                2.1507880174738923e-16,
                -4.0840587543240086e-17,
                1.19977835546329e-16
            ]
        }
    }
}